{
    "name": "trigger_preprocess_to_sink",
    "properties": {
        "annotations": [],
        "runtimeState": "Stopped",
        "pipelines": [
            {
                "pipelineReference": {
                    "referenceName": "pipeline2_parquet_to_dim_fact",
                    "type": "PipelineReference"
                }
            }
        ],
        "type": "BlobEventsTrigger",
        "typeProperties": {
            "blobPathBeginsWith": "/chanduragiri/blobs/preprocess/",
            "blobPathEndsWith": ".parquet",
            "ignoreEmptyBlobs": true,
            "scope": "/subscriptions/8e207230-5a29-46c1-98af-9fea7b28c656/resourceGroups/titripro/providers/Microsoft.Storage/storageAccounts/startedimplemnatation",
            "events": [
                "Microsoft.Storage.BlobCreated"
            ]
        }
    }
}