{
    "name": "ds_sink_p3_archive",
    "properties": {
        "linkedServiceName": {
            "referenceName": "ls_sink_adls",
            "type": "LinkedServiceReference"
        },
        "annotations": [],
        "type": "DelimitedText",
        "typeProperties": {
            "location": {
                "type": "AzureBlobFSLocation",
                "folderPath": "sink/archive",
                "fileSystem": "chanduragiri"
            },
            "columnDelimiter": ",",
            "escapeChar": "\\",
            "firstRowAsHeader": true,
            "quoteChar": "\""
        },
        "schema": [
            {
                "name": "DESYNPUF_ID",
                "type": "String"
            },
            {
                "name": "BENE_BIRTH_DT",
                "type": "String"
            },
            {
                "name": "BENE_DEATH_DT",
                "type": "String"
            },
            {
                "name": "BENE_SEX_IDENT_CD",
                "type": "String"
            },
            {
                "name": "BENE_RACE_CD",
                "type": "String"
            },
            {
                "name": "BENE_ESRD_IND",
                "type": "String"
            },
            {
                "name": "SP_STATE_CODE",
                "type": "String"
            },
            {
                "name": "BENE_COUNTY_CD",
                "type": "String"
            },
            {
                "name": "SP_ALZHDMTA",
                "type": "String"
            },
            {
                "name": "SP_CHF",
                "type": "String"
            },
            {
                "name": "SP_CHRNKIDN",
                "type": "String"
            },
            {
                "name": "SP_CNCR",
                "type": "String"
            },
            {
                "name": "SP_COPD",
                "type": "String"
            },
            {
                "name": "SP_DEPRESSN",
                "type": "String"
            },
            {
                "name": "SP_ISCHMCHT",
                "type": "String"
            },
            {
                "name": "SP_OSTEOPRS",
                "type": "String"
            },
            {
                "name": "SP_RA_OA",
                "type": "String"
            },
            {
                "name": "BENE_HI_CVRAGE_TOT_MONS",
                "type": "String"
            },
            {
                "name": "BENE_SMI_CVRAGE_TOT_MONS",
                "type": "String"
            },
            {
                "name": "BENE_HMO_CVRAGE_TOT_MONS",
                "type": "String"
            },
            {
                "name": "PLAN_CVRG_MOS_NUM",
                "type": "String"
            },
            {
                "name": "SP_STRKETIA",
                "type": "String"
            },
            {
                "name": "SP_DIABETES",
                "type": "String"
            },
            {
                "name": "beneficiary_sk",
                "type": "String"
            }
        ]
    },
    "type": "Microsoft.DataFactory/factories/datasets"
}