{
    "now": "2025-06-15T10:30:43.997Z",
    "perfNow": 2923823,
    "diagnosticCorrelation": "e44835d2-72ff-48e9-a5bb-2f39e044dbcb",
    "source": "DownloadSupportFiles",
    "environment": {
        "productName": "adf",
        "buildVersion": "1.0.060325.13",
        "environmentType": 3,
        "resourceName": "csvtoparque",
        "resourceRegion": "southindia",
        "resourceGroup": "titripro",
        "subscriptionId": "8e207230-5a29-46c1-98af-9fea7b28c656",
        "sessionId": "tnP1uZtAPcW8K516himzcd",
        "operationId": "",
        "gitType": "live",
        "loggingKey": "6e0db678-b501-4ebb-85fa-22ec32ac7965"
    },
    "additionalInfo": {
        "selectedResource": "pipeline3_demon",
        "selectedResourceType": "pipeline"
    }
}