{
    "now": "2025-06-15T10:30:32.059Z",
    "perfNow": 2911885.199999988,
    "diagnosticCorrelation": "d3664dea-7e01-4c16-b735-a1d4b998d15d",
    "source": "DownloadSupportFiles",
    "environment": {
        "productName": "adf",
        "buildVersion": "1.0.060325.13",
        "environmentType": 3,
        "resourceName": "csvtoparque",
        "resourceRegion": "southindia",
        "resourceGroup": "titripro",
        "subscriptionId": "8e207230-5a29-46c1-98af-9fea7b28c656",
        "sessionId": "tnP1uZtAPcW8K516himzcd",
        "operationId": "",
        "gitType": "live",
        "loggingKey": "6e0db678-b501-4ebb-85fa-22ec32ac7965"
    },
    "additionalInfo": {
        "selectedResource": "pipeline1csv_to_parquet",
        "selectedResourceType": "pipeline"
    }
}