{
    "name": "csv_to_parquet",
    "properties": {
        "annotations": [],
        "runtimeState": "Stopped",
        "pipelines": [
            {
                "pipelineReference": {
                    "referenceName": "pipeline1csv_to_parquet",
                    "type": "PipelineReference"
                }
            }
        ],
        "type": "BlobEventsTrigger",
        "typeProperties": {
            "blobPathBeginsWith": "/chanduragiri/blobs/stg/",
            "blobPathEndsWith": ".csv",
            "ignoreEmptyBlobs": true,
            "scope": "/subscriptions/8e207230-5a29-46c1-98af-9fea7b28c656/resourceGroups/titripro/providers/Microsoft.Storage/storageAccounts/startedimplemnatation",
            "events": [
                "Microsoft.Storage.BlobCreated"
            ]
        }
    }
}