{
    "now": "2025-06-15T10:31:02.199Z",
    "perfNow": 2942024.2999999523,
    "diagnosticCorrelation": "4be68231-364d-4690-95cd-1b704f320656",
    "source": "DownloadSupportFiles",
    "environment": {
        "productName": "adf",
        "buildVersion": "1.0.060325.13",
        "environmentType": 3,
        "resourceName": "csvtoparque",
        "resourceRegion": "southindia",
        "resourceGroup": "titripro",
        "subscriptionId": "8e207230-5a29-46c1-98af-9fea7b28c656",
        "sessionId": "tnP1uZtAPcW8K516himzcd",
        "operationId": "",
        "gitType": "live",
        "loggingKey": "6e0db678-b501-4ebb-85fa-22ec32ac7965"
    },
    "additionalInfo": {
        "selectedResource": "df_parquet_to_sink",
        "selectedResourceType": "dataflow"
    }
}