{
    "name": "pipeline3_demon",
    "properties": {
        "activities": [
            {
                "name": "Get Metadatastg",
                "type": "GetMetadata",
                "dependsOn": [],
                "policy": {
                    "timeout": "0.12:00:00",
                    "retry": 0,
                    "retryIntervalInSeconds": 30,
                    "secureOutput": false,
                    "secureInput": false
                },
                "userProperties": [],
                "typeProperties": {
                    "dataset": {
                        "referenceName": "ds_csv",
                        "type": "DatasetReference"
                    },
                    "fieldList": [
                        "childItems"
                    ],
                    "storeSettings": {
                        "type": "AzureBlobFSReadSettings",
                        "recursive": true,
                        "modifiedDatetimeEnd": {
                            "value": "@addMinutes(utcNow(), -5)",
                            "type": "Expression"
                        },
                        "enablePartitionDiscovery": false
                    },
                    "formatSettings": {
                        "type": "DelimitedTextReadSettings"
                    }
                }
            },
            {
                "name": "Filterstg",
                "type": "Filter",
                "dependsOn": [
                    {
                        "activity": "Get Metadatastg",
                        "dependencyConditions": [
                            "Completed"
                        ]
                    }
                ],
                "userProperties": [],
                "typeProperties": {
                    "items": {
                        "value": "@activity('Get Metadatastg').output.childItems",
                        "type": "Expression"
                    },
                    "condition": {
                        "value": "@endswith(item().name,'csv')",
                        "type": "Expression"
                    }
                }
            },
            {
                "name": "ForEachstg",
                "type": "ForEach",
                "dependsOn": [
                    {
                        "activity": "Filterstg",
                        "dependencyConditions": [
                            "Completed"
                        ]
                    }
                ],
                "userProperties": [],
                "typeProperties": {
                    "items": {
                        "value": "@activity('Filterstg').output.value",
                        "type": "Expression"
                    },
                    "isSequential": true,
                    "activities": [
                        {
                            "name": "Copy data1",
                            "type": "Copy",
                            "dependsOn": [],
                            "policy": {
                                "timeout": "0.12:00:00",
                                "retry": 0,
                                "retryIntervalInSeconds": 30,
                                "secureOutput": false,
                                "secureInput": false
                            },
                            "userProperties": [],
                            "typeProperties": {
                                "source": {
                                    "type": "DelimitedTextSource",
                                    "storeSettings": {
                                        "type": "AzureBlobFSReadSettings",
                                        "recursive": true,
                                        "wildcardFolderPath": "stg",
                                        "wildcardFileName": {
                                            "value": "@item().name",
                                            "type": "Expression"
                                        },
                                        "enablePartitionDiscovery": false
                                    },
                                    "formatSettings": {
                                        "type": "DelimitedTextReadSettings"
                                    }
                                },
                                "sink": {
                                    "type": "DelimitedTextSink",
                                    "storeSettings": {
                                        "type": "AzureBlobFSWriteSettings"
                                    },
                                    "formatSettings": {
                                        "type": "DelimitedTextWriteSettings",
                                        "quoteAllText": true,
                                        "fileExtension": ".txt"
                                    }
                                },
                                "enableStaging": false,
                                "translator": {
                                    "type": "TabularTranslator",
                                    "typeConversion": true,
                                    "typeConversionSettings": {
                                        "allowDataTruncation": true,
                                        "treatBooleanAsNumber": false
                                    }
                                }
                            },
                            "inputs": [
                                {
                                    "referenceName": "ds_csv",
                                    "type": "DatasetReference"
                                }
                            ],
                            "outputs": [
                                {
                                    "referenceName": "ds_csv_archive",
                                    "type": "DatasetReference"
                                }
                            ]
                        },
                        {
                            "name": "Delete1",
                            "type": "Delete",
                            "dependsOn": [
                                {
                                    "activity": "Copy data1",
                                    "dependencyConditions": [
                                        "Succeeded"
                                    ]
                                }
                            ],
                            "policy": {
                                "timeout": "0.12:00:00",
                                "retry": 0,
                                "retryIntervalInSeconds": 30,
                                "secureOutput": false,
                                "secureInput": false
                            },
                            "userProperties": [],
                            "typeProperties": {
                                "dataset": {
                                    "referenceName": "ds_csv",
                                    "type": "DatasetReference"
                                },
                                "enableLogging": false,
                                "storeSettings": {
                                    "type": "AzureBlobFSReadSettings",
                                    "recursive": true,
                                    "modifiedDatetimeStart": null,
                                    "modifiedDatetimeEnd": null,
                                    "wildcardFileName": {
                                        "value": "@item().name",
                                        "type": "Expression"
                                    },
                                    "enablePartitionDiscovery": false
                                }
                            }
                        }
                    ]
                }
            },
            {
                "name": "Get Metadatapreprocess",
                "type": "GetMetadata",
                "dependsOn": [],
                "policy": {
                    "timeout": "0.12:00:00",
                    "retry": 0,
                    "retryIntervalInSeconds": 30,
                    "secureOutput": false,
                    "secureInput": false
                },
                "userProperties": [],
                "typeProperties": {
                    "dataset": {
                        "referenceName": "ds_parquet",
                        "type": "DatasetReference"
                    },
                    "fieldList": [
                        "childItems"
                    ],
                    "storeSettings": {
                        "type": "AzureBlobFSReadSettings",
                        "recursive": true,
                        "modifiedDatetimeEnd": {
                            "value": "@addMinutes(utcNow(), -5)",
                            "type": "Expression"
                        },
                        "enablePartitionDiscovery": false
                    },
                    "formatSettings": {
                        "type": "ParquetReadSettings"
                    }
                }
            },
            {
                "name": "Filterpreprocess",
                "type": "Filter",
                "dependsOn": [
                    {
                        "activity": "Get Metadatapreprocess",
                        "dependencyConditions": [
                            "Completed"
                        ]
                    }
                ],
                "userProperties": [],
                "typeProperties": {
                    "items": {
                        "value": "@activity('Get Metadatapreprocess').output.childItems",
                        "type": "Expression"
                    },
                    "condition": {
                        "value": "@and(equals(item().type, 'File'), endswith(item().name, '.parquet'))",
                        "type": "Expression"
                    }
                }
            },
            {
                "name": "ForEachpreprocess",
                "type": "ForEach",
                "dependsOn": [
                    {
                        "activity": "Filterpreprocess",
                        "dependencyConditions": [
                            "Completed"
                        ]
                    }
                ],
                "userProperties": [],
                "typeProperties": {
                    "items": {
                        "value": "@activity('Filterpreprocess').output.value",
                        "type": "Expression"
                    },
                    "isSequential": true,
                    "activities": [
                        {
                            "name": "Copy data2",
                            "type": "Copy",
                            "dependsOn": [],
                            "policy": {
                                "timeout": "0.12:00:00",
                                "retry": 0,
                                "retryIntervalInSeconds": 30,
                                "secureOutput": false,
                                "secureInput": false
                            },
                            "userProperties": [],
                            "typeProperties": {
                                "source": {
                                    "type": "ParquetSource",
                                    "storeSettings": {
                                        "type": "AzureBlobFSReadSettings",
                                        "recursive": true,
                                        "wildcardFolderPath": "preprocess",
                                        "wildcardFileName": {
                                            "value": "@item().name",
                                            "type": "Expression"
                                        },
                                        "enablePartitionDiscovery": false
                                    },
                                    "formatSettings": {
                                        "type": "ParquetReadSettings"
                                    }
                                },
                                "sink": {
                                    "type": "ParquetSink",
                                    "storeSettings": {
                                        "type": "AzureBlobFSWriteSettings"
                                    },
                                    "formatSettings": {
                                        "type": "ParquetWriteSettings"
                                    }
                                },
                                "enableStaging": false,
                                "translator": {
                                    "type": "TabularTranslator",
                                    "typeConversion": true,
                                    "typeConversionSettings": {
                                        "allowDataTruncation": true,
                                        "treatBooleanAsNumber": false
                                    }
                                }
                            },
                            "inputs": [
                                {
                                    "referenceName": "ds_parquet",
                                    "type": "DatasetReference"
                                }
                            ],
                            "outputs": [
                                {
                                    "referenceName": "ds_parquet_archive",
                                    "type": "DatasetReference"
                                }
                            ]
                        },
                        {
                            "name": "Delete2",
                            "type": "Delete",
                            "dependsOn": [
                                {
                                    "activity": "Copy data2",
                                    "dependencyConditions": [
                                        "Succeeded"
                                    ]
                                }
                            ],
                            "policy": {
                                "timeout": "0.12:00:00",
                                "retry": 0,
                                "retryIntervalInSeconds": 30,
                                "secureOutput": false,
                                "secureInput": false
                            },
                            "userProperties": [],
                            "typeProperties": {
                                "dataset": {
                                    "referenceName": "ds_parquet",
                                    "type": "DatasetReference"
                                },
                                "enableLogging": false,
                                "storeSettings": {
                                    "type": "AzureBlobFSReadSettings",
                                    "recursive": true,
                                    "wildcardFileName": {
                                        "value": "@item().name",
                                        "type": "Expression"
                                    },
                                    "enablePartitionDiscovery": false
                                }
                            }
                        }
                    ]
                }
            },
            {
                "name": "ForEachsink",
                "type": "ForEach",
                "dependsOn": [
                    {
                        "activity": "Filtersink",
                        "dependencyConditions": [
                            "Completed"
                        ]
                    }
                ],
                "userProperties": [],
                "typeProperties": {
                    "items": {
                        "value": "@activity('Filtersink').output.value",
                        "type": "Expression"
                    },
                    "isSequential": true,
                    "activities": [
                        {
                            "name": "Copy data3",
                            "type": "Copy",
                            "dependsOn": [],
                            "policy": {
                                "timeout": "0.12:00:00",
                                "retry": 0,
                                "retryIntervalInSeconds": 30,
                                "secureOutput": false,
                                "secureInput": false
                            },
                            "userProperties": [],
                            "typeProperties": {
                                "source": {
                                    "type": "DelimitedTextSource",
                                    "storeSettings": {
                                        "type": "AzureBlobFSReadSettings",
                                        "recursive": true,
                                        "wildcardFolderPath": "sink",
                                        "wildcardFileName": {
                                            "value": "@item().name",
                                            "type": "Expression"
                                        },
                                        "enablePartitionDiscovery": false
                                    },
                                    "formatSettings": {
                                        "type": "DelimitedTextReadSettings"
                                    }
                                },
                                "sink": {
                                    "type": "DelimitedTextSink",
                                    "storeSettings": {
                                        "type": "AzureBlobFSWriteSettings"
                                    },
                                    "formatSettings": {
                                        "type": "DelimitedTextWriteSettings",
                                        "quoteAllText": true,
                                        "fileExtension": ".txt"
                                    }
                                },
                                "enableStaging": false,
                                "translator": {
                                    "type": "TabularTranslator",
                                    "typeConversion": true,
                                    "typeConversionSettings": {
                                        "allowDataTruncation": true,
                                        "treatBooleanAsNumber": false
                                    }
                                }
                            },
                            "inputs": [
                                {
                                    "referenceName": "ds_sink_p3",
                                    "type": "DatasetReference"
                                }
                            ],
                            "outputs": [
                                {
                                    "referenceName": "ds_sink_p3_archive",
                                    "type": "DatasetReference"
                                }
                            ]
                        },
                        {
                            "name": "Delete3",
                            "type": "Delete",
                            "dependsOn": [
                                {
                                    "activity": "Copy data3",
                                    "dependencyConditions": [
                                        "Succeeded"
                                    ]
                                }
                            ],
                            "policy": {
                                "timeout": "0.12:00:00",
                                "retry": 0,
                                "retryIntervalInSeconds": 30,
                                "secureOutput": false,
                                "secureInput": false
                            },
                            "userProperties": [],
                            "typeProperties": {
                                "dataset": {
                                    "referenceName": "ds_sink_p3",
                                    "type": "DatasetReference"
                                },
                                "enableLogging": false,
                                "storeSettings": {
                                    "type": "AzureBlobFSReadSettings",
                                    "recursive": true,
                                    "wildcardFileName": {
                                        "value": "@item().name",
                                        "type": "Expression"
                                    },
                                    "enablePartitionDiscovery": false
                                }
                            }
                        }
                    ]
                }
            },
            {
                "name": "Get Metadatasink",
                "type": "GetMetadata",
                "dependsOn": [],
                "policy": {
                    "timeout": "0.12:00:00",
                    "retry": 0,
                    "retryIntervalInSeconds": 30,
                    "secureOutput": false,
                    "secureInput": false
                },
                "userProperties": [],
                "typeProperties": {
                    "dataset": {
                        "referenceName": "ds_sink_p3",
                        "type": "DatasetReference"
                    },
                    "fieldList": [
                        "childItems"
                    ],
                    "storeSettings": {
                        "type": "AzureBlobFSReadSettings",
                        "recursive": true,
                        "modifiedDatetimeEnd": {
                            "value": "@addMinutes(utcNow(), -5)",
                            "type": "Expression"
                        },
                        "enablePartitionDiscovery": false
                    },
                    "formatSettings": {
                        "type": "DelimitedTextReadSettings"
                    }
                }
            },
            {
                "name": "Filtersink",
                "type": "Filter",
                "dependsOn": [
                    {
                        "activity": "Get Metadatasink",
                        "dependencyConditions": [
                            "Completed"
                        ]
                    }
                ],
                "userProperties": [],
                "typeProperties": {
                    "items": {
                        "value": "@activity('Get Metadatasink').output.childItems",
                        "type": "Expression"
                    },
                    "condition": {
                        "value": "@endswith(item().name, '.csv')",
                        "type": "Expression"
                    }
                }
            }
        ],
        "annotations": [],
        "lastPublishTime": "2025-06-09T03:52:21Z"
    },
    "type": "Microsoft.DataFactory/factories/pipelines"
}