{
    "name": "df_parquet_to_sink",
    "properties": {
        "type": "MappingDataFlow",
        "typeProperties": {
            "sources": [
                {
                    "dataset": {
                        "referenceName": "ds_parquet",
                        "type": "DatasetReference"
                    },
                    "name": "source1"
                }
            ],
            "sinks": [
                {
                    "dataset": {
                        "referenceName": "ds_dim_provider",
                        "type": "DatasetReference"
                    },
                    "name": "sinkProvider"
                },
                {
                    "dataset": {
                        "referenceName": "ds_dim_beneficiary",
                        "type": "DatasetReference"
                    },
                    "name": "sinkBeneficiary"
                },
                {
                    "dataset": {
                        "referenceName": "ds_fact_claim",
                        "type": "DatasetReference"
                    },
                    "name": "sinkFactclaim"
                }
            ],
            "transformations": [
                {
                    "name": "selectBeneficiary"
                },
                {
                    "name": "selectProvider"
                },
                {
                    "name": "joinBene"
                },
                {
                    "name": "aggregateProvider"
                },
                {
                    "name": "aggregateBeneficiary"
                },
                {
                    "name": "surrogateKeyBenrficiary"
                },
                {
                    "name": "joinProvider"
                },
                {
                    "name": "select2"
                },
                {
                    "name": "selectFactclaim"
                },
                {
                    "name": "surrogateKeyProvider"
                },
                {
                    "name": "select4"
                }
            ],
            "scriptLines": [
                "source(output(",
                "          DESYNPUF_ID as string,",
                "          BENE_BIRTH_DT as string,",
                "          BENE_DEATH_DT as string,",
                "          BENE_SEX_IDENT_CD as string,",
                "          BENE_RACE_CD as string,",
                "          BENE_ESRD_IND as string,",
                "          SP_STATE_CODE as string,",
                "          BENE_COUNTY_CD as string,",
                "          BENE_HI_CVRAGE_TOT_MONS as string,",
                "          BENE_SMI_CVRAGE_TOT_MONS as string,",
                "          BENE_HMO_CVRAGE_TOT_MONS as string,",
                "          PLAN_CVRG_MOS_NUM as string,",
                "          SP_ALZHDMTA as string,",
                "          SP_CHF as string,",
                "          SP_CHRNKIDN as string,",
                "          SP_CNCR as string,",
                "          SP_COPD as string,",
                "          SP_DEPRESSN as string,",
                "          SP_DIABETES as string,",
                "          SP_ISCHMCHT as string,",
                "          SP_OSTEOPRS as string,",
                "          SP_RA_OA as string,",
                "          SP_STRKETIA as string,",
                "          MEDREIMB_IP as string,",
                "          BENRES_IP as string,",
                "          PPPYMT_IP as string,",
                "          MEDREIMB_OP as string,",
                "          BENRES_OP as string,",
                "          PPPYMT_OP as string,",
                "          MEDREIMB_CAR as string,",
                "          BENRES_CAR as string,",
                "          PPPYMT_CAR as string,",
                "          CLM_ID as string,",
                "          CLM_FROM_DT as string,",
                "          CLM_THRU_DT as string,",
                "          ICD9_DGNS_CD_1 as string,",
                "          PRF_PHYSN_NPI_1 as string,",
                "          HCPCS_CD_1 as string,",
                "          LINE_NCH_PMT_AMT_1 as string,",
                "          LINE_BENE_PTB_DDCTBL_AMT_1 as string,",
                "          LINE_COINSRNC_AMT_1 as string,",
                "          LINE_PRCSG_IND_CD_1 as string,",
                "          LINE_ICD9_DGNS_CD_1 as string,",
                "          md5_hash as string",
                "     ),",
                "     allowSchemaDrift: true,",
                "     validateSchema: false,",
                "     ignoreNoFilesFound: false,",
                "     format: 'parquet') ~> source1",
                "source1 select(mapColumn(",
                "          DESYNPUF_ID,",
                "          BENE_BIRTH_DT,",
                "          BENE_DEATH_DT,",
                "          BENE_SEX_IDENT_CD,",
                "          BENE_RACE_CD,",
                "          BENE_ESRD_IND,",
                "          SP_STATE_CODE,",
                "          BENE_COUNTY_CD,",
                "          BENE_HI_CVRAGE_TOT_MONS,",
                "          BENE_SMI_CVRAGE_TOT_MONS,",
                "          BENE_HMO_CVRAGE_TOT_MONS,",
                "          PLAN_CVRG_MOS_NUM,",
                "          SP_ALZHDMTA,",
                "          SP_CHF,",
                "          SP_CHRNKIDN,",
                "          SP_CNCR,",
                "          SP_COPD,",
                "          SP_DEPRESSN,",
                "          SP_DIABETES,",
                "          SP_ISCHMCHT,",
                "          SP_OSTEOPRS,",
                "          SP_RA_OA,",
                "          SP_STRKETIA",
                "     ),",
                "     skipDuplicateMapInputs: true,",
                "     skipDuplicateMapOutputs: true) ~> selectBeneficiary",
                "source1 select(mapColumn(",
                "          PRF_PHYSN_NPI_1,",
                "          HCPCS_CD_1",
                "     ),",
                "     skipDuplicateMapInputs: true,",
                "     skipDuplicateMapOutputs: true) ~> selectProvider",
                "source1, select2 join(source1@DESYNPUF_ID == select2@DESYNPUF_ID",
                "     && source1@BENE_BIRTH_DT == select2@BENE_BIRTH_DT",
                "     && source1@BENE_DEATH_DT == select2@BENE_DEATH_DT",
                "     && source1@BENE_SEX_IDENT_CD == select2@BENE_SEX_IDENT_CD",
                "     && source1@BENE_RACE_CD == select2@BENE_RACE_CD",
                "     && source1@BENE_ESRD_IND == select2@BENE_ESRD_IND",
                "     && source1@SP_STATE_CODE == select2@SP_STATE_CODE",
                "     && source1@BENE_COUNTY_CD == select2@BENE_COUNTY_CD",
                "     && source1@SP_ALZHDMTA == select2@SP_ALZHDMTA",
                "     && source1@SP_CHF == select2@SP_CHF",
                "     && source1@SP_CHRNKIDN == select2@SP_CHRNKIDN",
                "     && source1@SP_CNCR == select2@SP_CNCR",
                "     && source1@SP_COPD == select2@SP_COPD",
                "     && source1@SP_DEPRESSN == select2@SP_DEPRESSN",
                "     && source1@SP_ISCHMCHT == select2@SP_ISCHMCHT",
                "     && source1@SP_OSTEOPRS == select2@SP_OSTEOPRS",
                "     && source1@SP_RA_OA == select2@SP_RA_OA",
                "     && source1@BENE_HI_CVRAGE_TOT_MONS == select2@BENE_HI_CVRAGE_TOT_MONS",
                "     && source1@BENE_SMI_CVRAGE_TOT_MONS == select2@BENE_SMI_CVRAGE_TOT_MONS",
                "     && source1@BENE_HMO_CVRAGE_TOT_MONS == select2@BENE_HMO_CVRAGE_TOT_MONS",
                "     && source1@PLAN_CVRG_MOS_NUM == select2@PLAN_CVRG_MOS_NUM",
                "     && source1@SP_STRKETIA == select2@SP_STRKETIA",
                "     && source1@SP_DIABETES == select2@SP_DIABETES,",
                "     joinType:'inner',",
                "     matchType:'exact',",
                "     ignoreSpaces: false,",
                "     broadcast: 'auto')~> joinBene",
                "selectProvider aggregate(groupBy(PRF_PHYSN_NPI_1,",
                "          HCPCS_CD_1),",
                "     dummy = first(true())) ~> aggregateProvider",
                "selectBeneficiary aggregate(groupBy(DESYNPUF_ID,",
                "          BENE_BIRTH_DT,",
                "          BENE_DEATH_DT,",
                "          BENE_SEX_IDENT_CD,",
                "          BENE_RACE_CD,",
                "          BENE_ESRD_IND,",
                "          SP_STATE_CODE,",
                "          BENE_COUNTY_CD,",
                "          SP_ALZHDMTA,",
                "          SP_CHF,",
                "          SP_CHRNKIDN,",
                "          SP_CNCR,",
                "          SP_COPD,",
                "          SP_DEPRESSN,",
                "          SP_ISCHMCHT,",
                "          SP_OSTEOPRS,",
                "          SP_RA_OA,",
                "          BENE_HI_CVRAGE_TOT_MONS,",
                "          BENE_SMI_CVRAGE_TOT_MONS,",
                "          BENE_HMO_CVRAGE_TOT_MONS,",
                "          PLAN_CVRG_MOS_NUM,",
                "          SP_STRKETIA,",
                "          SP_DIABETES),",
                "     dummy = first(true())) ~> aggregateBeneficiary",
                "aggregateBeneficiary keyGenerate(output(beneficiary_sk as long),",
                "     startAt: 1L,",
                "     stepValue: 1L) ~> surrogateKeyBenrficiary",
                "joinBene, select4 join(source1@PRF_PHYSN_NPI_1 == select4@PRF_PHYSN_NPI_1",
                "     && source1@HCPCS_CD_1 == select4@HCPCS_CD_1,",
                "     joinType:'inner',",
                "     matchType:'exact',",
                "     ignoreSpaces: false,",
                "     broadcast: 'auto')~> joinProvider",
                "surrogateKeyBenrficiary select(mapColumn(",
                "          DESYNPUF_ID,",
                "          BENE_BIRTH_DT,",
                "          BENE_DEATH_DT,",
                "          BENE_SEX_IDENT_CD,",
                "          BENE_RACE_CD,",
                "          BENE_ESRD_IND,",
                "          SP_STATE_CODE,",
                "          BENE_COUNTY_CD,",
                "          SP_ALZHDMTA,",
                "          SP_CHF,",
                "          SP_CHRNKIDN,",
                "          SP_CNCR,",
                "          SP_COPD,",
                "          SP_DEPRESSN,",
                "          SP_ISCHMCHT,",
                "          SP_OSTEOPRS,",
                "          SP_RA_OA,",
                "          BENE_HI_CVRAGE_TOT_MONS,",
                "          BENE_SMI_CVRAGE_TOT_MONS,",
                "          BENE_HMO_CVRAGE_TOT_MONS,",
                "          PLAN_CVRG_MOS_NUM,",
                "          SP_STRKETIA,",
                "          SP_DIABETES,",
                "          beneficiary_sk",
                "     ),",
                "     skipDuplicateMapInputs: true,",
                "     skipDuplicateMapOutputs: true) ~> select2",
                "joinProvider select(mapColumn(",
                "          CLM_ID,",
                "          MEDREIMB_IP,",
                "          BENRES_IP,",
                "          PPPYMT_IP,",
                "          MEDREIMB_OP,",
                "          BENRES_OP,",
                "          PPPYMT_OP,",
                "          MEDREIMB_CAR,",
                "          BENRES_CAR,",
                "          PPPYMT_CAR,",
                "          CLM_FROM_DT,",
                "          CLM_THRU_DT,",
                "          ICD9_DGNS_CD_1,",
                "          LINE_NCH_PMT_AMT_1,",
                "          LINE_BENE_PTB_DDCTBL_AMT_1,",
                "          LINE_COINSRNC_AMT_1,",
                "          LINE_PRCSG_IND_CD_1,",
                "          LINE_ICD9_DGNS_CD_1,",
                "          beneficiary_sk,",
                "          provider_sk",
                "     ),",
                "     skipDuplicateMapInputs: true,",
                "     skipDuplicateMapOutputs: true) ~> selectFactclaim",
                "aggregateProvider keyGenerate(output(provider_sk as long),",
                "     startAt: 1L,",
                "     stepValue: 1L) ~> surrogateKeyProvider",
                "surrogateKeyProvider select(mapColumn(",
                "          PRF_PHYSN_NPI_1,",
                "          HCPCS_CD_1,",
                "          provider_sk",
                "     ),",
                "     skipDuplicateMapInputs: true,",
                "     skipDuplicateMapOutputs: true) ~> select4",
                "select4 sink(allowSchemaDrift: true,",
                "     validateSchema: false,",
                "     partitionFileNames:['dim_provider.csv'],",
                "     umask: 0022,",
                "     preCommands: [],",
                "     postCommands: [],",
                "     skipDuplicateMapInputs: true,",
                "     skipDuplicateMapOutputs: true,",
                "     partitionBy('hash', 1)) ~> sinkProvider",
                "select2 sink(allowSchemaDrift: true,",
                "     validateSchema: false,",
                "     partitionFileNames:['dim_beneficiary.csv'],",
                "     umask: 0022,",
                "     preCommands: [],",
                "     postCommands: [],",
                "     skipDuplicateMapInputs: true,",
                "     skipDuplicateMapOutputs: true,",
                "     partitionBy('hash', 1)) ~> sinkBeneficiary",
                "selectFactclaim sink(allowSchemaDrift: true,",
                "     validateSchema: false,",
                "     partitionFileNames:['fact_claim.csv'],",
                "     umask: 0022,",
                "     preCommands: [],",
                "     postCommands: [],",
                "     skipDuplicateMapInputs: true,",
                "     skipDuplicateMapOutputs: true,",
                "     partitionBy('hash', 1)) ~> sinkFactclaim"
            ]
        }
    }
}