{
    "name": "pipeline1csv_to_parquet",
    "properties": {
        "activities": [
            {
                "name": "Copy data1",
                "type": "Copy",
                "dependsOn": [],
                "policy": {
                    "timeout": "0.12:00:00",
                    "retry": 0,
                    "retryIntervalInSeconds": 30,
                    "secureOutput": false,
                    "secureInput": false
                },
                "userProperties": [],
                "typeProperties": {
                    "source": {
                        "type": "DelimitedTextSource",
                        "storeSettings": {
                            "type": "AzureBlobFSReadSettings",
                            "maxConcurrentConnections": 1,
                            "recursive": false,
                            "wildcardFolderPath": "stg",
                            "wildcardFileName": "*.csv",
                            "enablePartitionDiscovery": false
                        },
                        "formatSettings": {
                            "type": "DelimitedTextReadSettings"
                        }
                    },
                    "sink": {
                        "type": "ParquetSink",
                        "storeSettings": {
                            "type": "AzureBlobFSWriteSettings",
                            "maxConcurrentConnections": 1
                        },
                        "formatSettings": {
                            "type": "ParquetWriteSettings"
                        }
                    },
                    "enableStaging": false,
                    "logSettings": {
                        "enableCopyActivityLog": true,
                        "copyActivityLogSettings": {
                            "logLevel": "Warning",
                            "enableReliableLogging": false
                        },
                        "logLocationSettings": {
                            "linkedServiceName": {
                                "referenceName": "ls_csv",
                                "type": "LinkedServiceReference"
                            },
                            "path": "stg"
                        }
                    },
                    "translator": {
                        "type": "TabularTranslator",
                        "typeConversion": true,
                        "typeConversionSettings": {
                            "allowDataTruncation": true,
                            "treatBooleanAsNumber": false
                        }
                    }
                },
                "inputs": [
                    {
                        "referenceName": "ds_csv",
                        "type": "DatasetReference"
                    }
                ],
                "outputs": [
                    {
                        "referenceName": "ds_parquet",
                        "type": "DatasetReference"
                    }
                ]
            }
        ],
        "concurrency": 1,
        "annotations": [],
        "lastPublishTime": "2025-06-05T12:55:53Z"
    },
    "type": "Microsoft.DataFactory/factories/pipelines"
}