{
    "name": "demontrigger",
    "properties": {
        "annotations": [],
        "runtimeState": "Stopped",
        "pipelines": [
            {
                "pipelineReference": {
                    "referenceName": "pipeline3_demon",
                    "type": "PipelineReference"
                }
            }
        ],
        "type": "ScheduleTrigger",
        "typeProperties": {
            "recurrence": {
                "frequency": "Minute",
                "interval": 10,
                "startTime": "2025-06-11T12:11:12",
                "endTime": "2025-06-12T16:00:00",
                "timeZone": "India Standard Time"
            }
        }
    }
}