{
    "now": "2025-06-15T10:30:38.062Z",
    "perfNow": 2917887.5,
    "diagnosticCorrelation": "f9335adf-ddb4-4a7a-abb7-b32affced658",
    "source": "DownloadSupportFiles",
    "environment": {
        "productName": "adf",
        "buildVersion": "1.0.060325.13",
        "environmentType": 3,
        "resourceName": "csvtoparque",
        "resourceRegion": "southindia",
        "resourceGroup": "titripro",
        "subscriptionId": "8e207230-5a29-46c1-98af-9fea7b28c656",
        "sessionId": "tnP1uZtAPcW8K516himzcd",
        "operationId": "",
        "gitType": "live",
        "loggingKey": "6e0db678-b501-4ebb-85fa-22ec32ac7965"
    },
    "additionalInfo": {
        "selectedResource": "pipeline2_parquet_to_dim_fact",
        "selectedResourceType": "pipeline"
    }
}